point_id,x,y,true_cluster
0,-0.006253707524379485,-1.2077479834053924,cluster_0
1,-0.8811645217790355,0.7336207043320767,cluster_0
2,-0.32649155420520415,-0.7761620824566274,cluster_0
3,0.16062225512090078,-0.3656887020017162,cluster_0
4,-0.3295751604428752,0.5175282179724322,cluster_0
5,-0.8132133512540426,-0.6337556488772825,cluster_0
6,0.10785599450420805,0.6785868535237437,cluster_0
7,0.8667122110428948,-0.4655432042531361,cluster_0
8,0.6561638768437534,-0.5488996054292862,cluster_0
9,1.2783465428347598,-0.7936397177938098,cluster_0
10,0.9299351675542116,-0.45954027477310666,cluster_0
11,1.40927251835622,0.413924510196739,cluster_0
12,-0.7112115705857553,-0.36556693567975473,cluster_0
13,0.5468268436566192,0.736851092330893,cluster_0
14,-0.049500914207123825,0.03126079667442648,cluster_0
15,0.5308471228508458,0.09225889890757397,cluster_0
16,-0.9054534015368629,-0.5690818172481265,cluster_0
17,0.16458396020616553,0.8508376915483855,cluster_0
18,1.1311876969134333,0.5456705945400151,cluster_0
19,0.20110353272545461,0.5241697201877339,cluster_0
20,-0.46672559514479894,-0.10726167218074992,cluster_0
21,-0.5768915049376336,-0.8741198274953981,cluster_0
22,0.23348430814534343,0.12985931460932051,cluster_0
23,0.48135673915630894,0.382278281624713,cluster_0
24,0.1698509899267034,0.389631665974288,cluster_0
25,-0.02987816735923364,0.2890239766556804,cluster_0
26,-0.5083010818804516,0.25879414794739103,cluster_0
27,0.4678923797002066,-0.46877699965054215,cluster_0
28,0.03628246929499271,-0.4365217567405517,cluster_0
29,-0.3685546875612804,-0.7874505485715082,cluster_0
30,0.8860424476165888,0.7459796223040334,cluster_0
31,0.376203697959136,1.3805371663606696,cluster_0
32,-0.13247198759787418,2.1222336905774437,cluster_0
33,-0.15927059075425426,0.17863534622921148,cluster_0
34,-0.2784445397581457,0.2606278920422135,cluster_0
35,0.5849304495203711,-0.07974147513715875,cluster_0
36,1.2437038929823343,0.1674044992434225,cluster_0
37,0.18933977027713939,-0.6362983861596022,cluster_0
38,0.29294935218526913,-0.09381905456655591,cluster_0
39,-0.4257678105361008,-0.5435320857038547,cluster_0
40,6.870234365829679,4.815565924874675,cluster_1
41,3.9801102054531126,4.511244978187199,cluster_1
42,4.9639025123666505,5.38266692283154,cluster_1
43,5.38835756520772,5.473630186243568,cluster_1
44,4.548597785353869,5.238308310451082,cluster_1
45,4.386758375122595,4.566249911890192,cluster_1
46,4.357603717849818,4.168127801781211,cluster_1
47,5.744946642200606,5.482028190685221,cluster_1
48,5.683665758984691,5.027519146217007,cluster_1
49,5.5437653892056025,3.767097416750219,cluster_1
50,5.604161262631749,5.123983881003521,cluster_1
51,5.4389767201044155,5.266016309334029,cluster_1
52,4.309061391824179,3.9513721572262677,cluster_1
53,4.501562083671926,5.395442096891038,cluster_1
54,5.483063990622777,4.042440405832696,cluster_1
55,4.31323044277225,4.493735019841413,cluster_1
56,4.749886457813229,4.046564418403143,cluster_1
57,4.004563763701907,4.424715292514712,cluster_1
58,5.060377685357504,4.173583962172557,cluster_1
59,4.918937543019764,5.740986971299271,cluster_1
60,4.0887541838105435,4.855487969112622,cluster_1
61,5.71732971362554,4.7072121267453335,cluster_1
62,4.598431216399106,5.814447070014531,cluster_1
63,4.785658544719917,5.773146517643897,cluster_1
64,5.300275773789039,4.760008742963114,cluster_1
65,5.335783371418271,5.224314659692227,cluster_1
66,5.714617974701731,4.616158123494487,cluster_1
67,5.028844246747134,4.956939024276754,cluster_1
68,5.492903699147849,4.282374563889077,cluster_1
69,5.711883933766499,5.3264301405192915,cluster_1
70,4.078152448456938,5.8457839778363505,cluster_1
71,6.563865156558412,5.701283778684585,cluster_1
72,5.998889337058529,5.059759967121812,cluster_1
73,3.836946556183043,3.7091156841827324,cluster_1
74,5.178557430707431,4.585614834589014,cluster_1
75,4.359796605170854,4.956077321221927,cluster_1
76,5.430909701502902,3.9830697172664973,cluster_1
77,4.6857856658037305,6.05690947818422,cluster_1
78,4.247298133845038,5.608832831015469,cluster_1
79,4.660688466915705,5.382055631894967,cluster_1
80,-4.231870744957993,5.518897236889515,cluster_2
81,-4.363588278450287,4.193884526614431,cluster_2
82,-4.220438205281091,4.4031148197556265,cluster_2
83,-4.818320764099923,5.180772330898058,cluster_2
84,-4.660414208791293,5.235869673242133,cluster_2
85,-5.5906669849673065,4.055092811392999,cluster_2
86,-4.389355924026762,5.130084204263241,cluster_2
87,-4.195436211329527,4.968686946068493,cluster_2
88,-5.983615052473872,5.676290776702874,cluster_2
89,-5.259259426762775,5.239402420194715,cluster_2
90,-5.453221599935663,6.151011197163584,cluster_2
91,-5.613595376928238,4.763799172125678,cluster_2
92,-4.924785908111878,4.23547237103913,cluster_2
93,-4.768636329988683,6.128337334227243,cluster_2
94,-5.343323512485597,5.276599973322208,cluster_2
95,-6.924604770226988,4.9727495596606115,cluster_2
96,-5.219129600148344,4.427051678312731,cluster_2
97,-4.242984671260028,4.77162942286332,cluster_2
98,-5.124234240965511,4.73596498764765,cluster_2
99,-6.341771110235554,4.207609491946127,cluster_2
100,-4.327234559715849,3.52303454718402,cluster_2
101,-5.536420744730994,4.720195960597166,cluster_2
102,-3.779464692895904,5.538022635847458,cluster_2
103,-5.390019368937169,5.913159587980886,cluster_2
104,-5.518361074350784,5.706369862613804,cluster_2
105,-5.951214072146111,5.75128048225241,cluster_2
106,-5.28429355182969,4.280047031341112,cluster_2
107,-5.15200052915342,5.194140925804151,cluster_2
108,-5.346323901367999,5.387767454196727,cluster_2
109,-5.408095718564847,5.4342606757519505,cluster_2
110,-4.690444556574381,4.957353861704446,cluster_2
111,-5.3089676186561645,5.106078557035686,cluster_2
112,-4.6148223798764105,6.443259406912126,cluster_2
113,-4.342405704741274,5.683192964871089,cluster_2
114,-2.8380414635978015,5.36117093373749,cluster_2
115,-4.660749542081809,5.4928105520251576,cluster_2
116,-5.706276184311777,4.689268854506871,cluster_2
117,-5.354318486684634,5.453329784053693,cluster_2
118,-5.121922193554839,5.096756397832012,cluster_2
119,-4.238781765896075,5.604205517092897,cluster_2
